CREATE DATABASE IF NOT EXISTS dagster_internal;
CREATE DATABASE IF NOT EXISTS maju_jaya_dw;
CREATE USER IF NOT EXISTS 'maju_jaya'@'%' IDENTIFIED BY 'secret';
GRANT ALL PRIVILEGES ON maju_jaya_dw.* TO 'maju_jaya'@'%';
GRANT ALL PRIVILEGES ON dagster_internal.* TO 'maju_jaya'@'%';
FLUSH PRIVILEGES;
USE maju_jaya_dw;

CREATE TABLE IF NOT EXISTS customers_raw (
  id INT PRIMARY KEY,
  name VARCHAR(100) NOT NULL,
  dob VARCHAR(20) NULL,
  created_at DATETIME(3) NOT NULL
);

CREATE TABLE IF NOT EXISTS sales_raw (
  vin VARCHAR(20) NOT NULL,
  customer_id INT NOT NULL,
  model VARCHAR(50) NOT NULL,
  invoice_date DATE NOT NULL,
  price VARCHAR(20) NOT NULL,
  created_at DATETIME(3) NOT NULL
);

CREATE TABLE IF NOT EXISTS after_sales_raw (
  service_ticket VARCHAR(20) PRIMARY KEY,
  vin VARCHAR(20) NOT NULL,
  customer_id INT NOT NULL,
  model VARCHAR(50) NOT NULL,
  service_date DATE NOT NULL,
  service_type VARCHAR(10) NOT NULL,
  created_at DATETIME(3) NOT NULL
);

INSERT INTO customers_raw (id, name, dob, created_at)
VALUES
  (1, 'Antonio', '1998-08-04', '2025-03-01 14:24:40.012'),
  (2, 'Brandon', '2001-04-21', '2025-03-02 08:12:54.003'),
  (3, 'Charlie', '1980/11/15', '2025-03-02 11:20:02.391'),
  (4, 'Dominikus', '14/01/1995', '2025-03-03 09:50:41.852'),
  (5, 'Erik', '1900-01-01', '2025-03-03 17:22:03.198'),
  (6, 'PT Black Bird', NULL, '2025-03-04 12:52:16.122'),
  (7, 'Ferdinand', '1994-10-01', '2025-03-05 08:01:11.100'),
  (8, 'Gerald', '1992/06/19', '2025-03-05 08:22:11.450'),
  (9, 'Hendra', '23/11/1988', '2025-03-06 10:12:01.231'),
  (10, 'Irene', '1997-03-09', '2025-03-06 12:45:20.777'),
  (11, 'PT Nusantara Karya', NULL, '2025-03-07 07:30:55.010'),
  (12, 'Johan', '1985/01/31', '2025-03-07 14:09:09.910'),
  (13, 'Kevin', '1900-01-01', '2025-03-08 09:20:08.200'),
  (14, 'Lukman', '12/12/1990', '2025-03-08 11:21:39.301'),
  (15, 'PT Mitra Armada', NULL, '2025-03-09 15:44:48.500'),
  (16, 'Rizki Wijaya', '17/05/1981', '2025-03-10 08:04:32.000'),
  (17, 'Sari Santoso', '1900-01-01', '2025-03-12 08:04:49.000'),
  (18, 'Tono Kusuma', '1983-07-19', '2025-03-14 08:05:06.000'),
  (19, 'Udin Pratama', '20/08/1984', '2025-03-16 08:05:23.000'),
  (20, 'Vera Wijaya', '1985/09/21', '2025-03-18 08:05:40.000'),
  (21, 'Wawan Santoso', '1986-10-22', '2025-03-20 08:05:57.000'),
  (22, 'CV Mandiri Jaya', NULL, '2025-03-22 08:06:14.000'),
  (23, 'Zaki Pratama', '24/12/1988', '2025-03-24 08:06:31.000'),
  (24, 'Adi Wijaya', '1900-01-01', '2025-03-26 08:06:48.000'),
  (25, 'Bayu Santoso', '1990-02-26', '2025-03-28 08:07:05.000'),
  (26, 'Cici Kusuma', '27/03/1991', '2025-03-30 08:07:22.000'),
  (27, 'Dian Pratama', '1992/04/28', '2025-04-01 08:07:39.000'),
  (28, 'Ahmad Wijaya', '1993-05-01', '2025-04-03 08:07:56.000'),
  (29, 'Budi Santoso', '1994/06/02', '2025-04-05 08:08:13.000'),
  (30, 'Citra Kusuma', '03/07/1995', '2025-04-07 08:08:30.000'),
  (31, 'Dewi Pratama', '1900-01-01', '2025-04-09 08:08:47.000'),
  (32, 'Eko Wijaya', '1997-09-05', '2025-04-11 08:09:04.000'),
  (33, 'PT Armada Nusantara', NULL, '2025-04-13 08:09:21.000'),
  (34, 'Gunawan Kusuma', '1999/11/07', '2025-04-15 08:09:38.000'),
  (35, 'Hana Pratama', '2000-12-08', '2025-04-17 08:09:55.000'),
  (36, 'Indra Wijaya', '2001/01/09', '2025-04-19 08:10:12.000'),
  (37, 'Joko Santoso', '10/02/2002', '2025-04-21 08:10:29.000'),
  (38, 'Kartika Kusuma', '1900-01-01', '2025-04-23 08:10:46.000'),
  (39, 'Lina Pratama', '2004-04-12', '2025-04-25 08:11:03.000'),
  (40, 'Maya Wijaya', '13/05/2005', '2025-04-27 08:11:20.000'),
  (41, 'Nadia Santoso', '2006/06/14', '2025-04-29 08:11:37.000'),
  (42, 'Omar Kusuma', '2007-07-15', '2025-05-01 08:11:54.000'),
  (43, 'Putri Pratama', '2008/08/16', '2025-05-03 08:12:11.000'),
  (44, 'PT Kencana Mobil', NULL, '2025-05-05 08:12:28.000'),
  (45, 'Sari Santoso', '1900-01-01', '2025-05-07 08:12:45.000'),
  (46, 'Tono Kusuma', '1966-11-19', '2025-05-09 08:13:02.000'),
  (47, 'Udin Pratama', '20/12/1967', '2025-05-11 08:13:19.000'),
  (48, 'Vera Wijaya', '1968/01/21', '2025-05-13 08:13:36.000'),
  (49, 'Wawan Santoso', '1969-02-22', '2025-05-15 08:13:53.000'),
  (50, 'Yoga Kusuma', '1970/03/23', '2025-05-17 08:14:10.000'),
  (51, 'Zaki Pratama', '24/04/1971', '2025-05-19 08:14:27.000'),
  (52, 'Adi Wijaya', '1900-01-01', '2025-05-21 08:14:44.000'),
  (53, 'Bayu Santoso', '1973-06-26', '2025-05-23 08:15:01.000'),
  (54, 'Cici Kusuma', '27/07/1974', '2025-05-25 08:15:18.000'),
  (55, 'PT Citra Perkasa', NULL, '2025-05-27 08:15:35.000'),
  (56, 'Ahmad Wijaya', '1976-09-01', '2025-05-29 08:15:52.000'),
  (57, 'Budi Santoso', '1977/10/02', '2025-05-31 08:16:09.000'),
  (58, 'Citra Kusuma', '03/11/1978', '2025-06-02 08:16:26.000'),
  (59, 'Dewi Pratama', '1900-01-01', '2025-06-04 08:16:43.000'),
  (60, 'Eko Wijaya', '1980-01-05', '2025-06-06 08:17:00.000'),
  (61, 'Fitri Santoso', '06/02/1981', '2025-06-08 08:17:17.000'),
  (62, 'Gunawan Kusuma', '1982/03/07', '2025-06-10 08:17:34.000'),
  (63, 'Hana Pratama', '1983-04-08', '2025-06-12 08:17:51.000'),
  (64, 'Indra Wijaya', '1984/05/09', '2025-06-14 08:18:08.000'),
  (65, 'Joko Santoso', '10/06/1985', '2025-06-16 08:18:25.000'),
  (66, 'UD Sumber Rejeki', NULL, '2025-06-18 08:18:42.000'),
  (67, 'Lina Pratama', '1987-08-12', '2025-06-20 08:18:59.000'),
  (68, 'Maya Wijaya', '13/09/1988', '2025-06-22 08:19:16.000'),
  (69, 'Nadia Santoso', '1989/10/14', '2025-06-24 08:19:33.000'),
  (70, 'Omar Kusuma', '1990-11-15', '2025-06-26 08:19:50.000'),
  (71, 'Putri Pratama', '1991/12/16', '2025-06-28 08:20:07.000'),
  (72, 'Rizki Wijaya', '17/01/1992', '2025-06-30 08:20:24.000'),
  (73, 'Sari Santoso', '1900-01-01', '2025-07-02 08:20:41.000'),
  (74, 'Tono Kusuma', '1994-03-19', '2025-07-04 08:20:58.000'),
  (75, 'Udin Pratama', '20/04/1995', '2025-07-06 08:21:15.000'),
  (76, 'Vera Wijaya', '1996/05/21', '2025-07-08 08:21:32.000'),
  (77, 'PT Mitra Logistik', NULL, '2025-07-10 08:21:49.000'),
  (78, 'Yoga Kusuma', '1998/07/23', '2025-07-12 08:22:06.000'),
  (79, 'Zaki Pratama', '24/08/1999', '2025-07-14 08:22:23.000'),
  (80, 'Adi Wijaya', '1900-01-01', '2025-07-16 08:22:40.000'),
  (81, 'Bayu Santoso', '2001-10-26', '2025-07-18 08:22:57.000'),
  (82, 'Cici Kusuma', '27/11/2002', '2025-07-20 08:23:14.000'),
  (83, 'Dian Pratama', '2003/12/28', '2025-07-22 08:23:31.000'),
  (84, 'Ahmad Wijaya', '2004-01-01', '2025-07-24 08:23:48.000'),
  (85, 'Budi Santoso', '2005/02/02', '2025-07-26 08:24:05.000'),
  (86, 'Citra Kusuma', '03/03/2006', '2025-07-28 08:24:22.000'),
  (87, 'Dewi Pratama', '1900-01-01', '2025-07-30 08:24:39.000'),
  (88, 'PT Sinar Motor', NULL, '2025-08-01 08:24:56.000'),
  (89, 'Fitri Santoso', '06/06/2009', '2025-08-03 08:25:13.000'),
  (90, 'Gunawan Kusuma', '1965/07/07', '2025-08-05 08:25:30.000'),
  (91, 'Hana Pratama', '1966-08-08', '2025-08-07 08:25:47.000'),
  (92, 'Indra Wijaya', '1967/09/09', '2025-08-09 08:26:04.000'),
  (93, 'Joko Santoso', '10/10/1968', '2025-08-11 08:26:21.000'),
  (94, 'Kartika Kusuma', '1900-01-01', '2025-08-13 08:26:38.000'),
  (95, 'Lina Pratama', '1970-12-12', '2025-08-15 08:26:55.000'),
  (96, 'Maya Wijaya', '13/01/1971', '2025-08-17 08:27:12.000'),
  (97, 'Nadia Santoso', '1972/02/14', '2025-08-19 08:27:29.000'),
  (98, 'Omar Kusuma', '1973-03-15', '2025-08-21 08:27:46.000'),
  (99, 'PT Delta Trans', NULL, '2025-08-23 08:28:03.000'),
  (100, 'Rizki Wijaya', '17/05/1975', '2025-08-25 08:28:20.000'),
  (101, 'Sari Santoso', '1900-01-01', '2025-08-27 08:28:37.000'),
  (102, 'Tono Kusuma', '1977-07-19', '2025-08-29 08:28:54.000'),
  (103, 'Udin Pratama', '20/08/1978', '2025-08-31 08:29:11.000'),
  (104, 'Vera Wijaya', '1979/09/21', '2025-09-02 08:29:28.000'),
  (105, 'Wawan Santoso', '1980-10-22', '2025-09-04 08:29:45.000'),
  (106, 'Yoga Kusuma', '1981/11/23', '2025-09-06 08:30:02.000'),
  (107, 'Zaki Pratama', '24/12/1982', '2025-09-08 08:30:19.000'),
  (108, 'Adi Wijaya', '1900-01-01', '2025-09-10 08:30:36.000'),
  (109, 'Bayu Santoso', '1984-02-26', '2025-09-12 08:30:53.000'),
  (110, 'CV Mandiri Jaya', NULL, '2025-09-14 08:31:10.000'),
  (111, 'Dian Pratama', '1986/04/28', '2025-09-16 08:31:27.000'),
  (112, 'Ahmad Wijaya', '1987-05-01', '2025-09-18 08:31:44.000'),
  (113, 'Budi Santoso', '1988/06/02', '2025-09-20 08:32:01.000'),
  (114, 'Citra Kusuma', '03/07/1989', '2025-09-22 08:32:18.000'),
  (115, 'Dewi Pratama', '1900-01-01', '2025-09-24 08:32:35.000'),
  (116, 'Eko Wijaya', '1991-09-05', '2025-09-26 08:32:52.000'),
  (117, 'Fitri Santoso', '06/10/1992', '2025-09-28 08:33:09.000'),
  (118, 'Gunawan Kusuma', '1993/11/07', '2025-09-30 08:33:26.000'),
  (119, 'Hana Pratama', '1994-12-08', '2025-10-02 08:33:43.000'),
  (120, 'Indra Wijaya', '1995/01/09', '2025-10-04 08:34:00.000')
ON DUPLICATE KEY UPDATE
  name = VALUES(name),
  dob = VALUES(dob),
  created_at = VALUES(created_at);

INSERT INTO sales_raw (vin, customer_id, model, invoice_date, price, created_at)
VALUES
  ('JIS8135SAD', 1, 'RAIZA', '2025-03-01', '350.000.000', '2025-03-01 14:24:40.012'),
  ('MAS8160POE', 3, 'RANGGO', '2025-05-19', '430.000.000', '2025-05-19 14:29:21.003'),
  ('JLK1368KDE', 4, 'INNAVO', '2025-05-22', '600.000.000', '2025-05-22 16:10:28.120'),
  ('JLK1869KDF', 6, 'VELOS', '2025-08-02', '390.000.000', '2025-08-02 14:04:31.021'),
  ('JLK1962KOP', 6, 'VELOS', '2025-08-02', '390.000.000', '2025-08-02 15:21:04.201'),
  ('QWE2034ZXC', 7, 'RAIZA', '2025-03-15', '240.000.000', '2025-03-15 09:11:00.120'),
  ('ASD9234RTY', 8, 'RANGGO', '2025-04-02', '420.000.000', '2025-04-02 10:20:33.031'),
  ('ZXC8821VBN', 9, 'INNAVO', '2025-04-15', '610.000.000', '2025-04-15 13:42:19.777'),
  ('POI1192LKJ', 10, 'VELOS', '2025-06-10', '390.000.000', '2025-06-10 11:00:00.000'),
  ('MNB7788GHJ', 11, 'RAIZA', '2025-07-05', '210.000.000', '2025-07-05 14:12:47.201'),
  ('LKJ0911QAZ', 12, 'RANGGO', '2025-07-19', '450.000.000', '2025-07-19 16:02:21.932'),
  ('WSX5500EDC', 13, 'INNAVO', '2025-09-01', '620.000.000', '2025-09-01 08:20:54.432'),
  ('RFV7712TGB', 14, 'VELOS', '2025-09-11', '380.000.000', '2025-09-11 11:11:11.111'),
  ('YHN2299UJM', 15, 'RAIZA', '2025-10-03', '245.000.000', '2025-10-03 09:09:09.009'),
  ('TGB6677IKM', 3, 'RANGGO', '2025-10-21', '430.000.000', '2025-10-21 10:10:10.100'),
  ('POI9933LOK', 4, 'INNAVO', '2025-11-05', '600.000.000', '2025-11-05 12:50:40.500'),
  ('UJM8812HNB', 6, 'VELOS', '2025-11-22', '390.000.000', '2025-11-22 17:33:28.017'),
  ('PLM0099QWE', 10, 'VELOS', '2025-06-10', '390.000.000', '2025-06-10 13:30:00.500'),
  ('ZBN6375SRG', 99, 'INNAVO', '2025-05-13', '622.000.000', '2025-05-13 13:39:59.000'),
  ('ENZ9288LDB', 111, 'RANGGO', '2025-05-19', '423.000.000', '2025-05-19 13:51:41.000'),
  ('UYC9529TEB', 32, 'VELOS', '2025-05-29', '391.000.000', '2025-05-29 15:06:53.000'),
  ('NLJ0937NCV', 57, 'INNAVO', '2025-06-01', '626.000.000', '2025-06-01 10:24:53.000'),
  ('RAP9983NMU', 35, 'RANGGO', '2025-06-08', '439.000.000', '2025-06-08 10:55:41.000'),
  ('WYL5999UYP', 75, 'RAIZA', '2025-06-16', '257.000.000', '2025-06-16 17:52:57.000'),
  ('UBD9170RNL', 85, 'RAIZA', '2025-06-24', '336.000.000', '2025-06-24 10:43:09.000'),
  ('MFG3216MBG', 79, 'RAIZA', '2025-07-02', '282.000.000', '2025-07-02 11:09:43.000'),
  ('EHM1382JWS', 96, 'VELOS', '2025-07-07', '378.000.000', '2025-07-07 16:36:17.000'),
  ('LYH0424UAU', 109, 'RAIZA', '2025-07-17', '270.000.000', '2025-07-17 17:05:45.000'),
  ('GZC5417GKE', 78, 'RANGGO', '2025-07-24', '465.000.000', '2025-07-24 14:13:40.000'),
  ('DHX3580AZM', 28, 'RANGGO', '2025-07-29', '463.000.000', '2025-07-29 08:38:01.000'),
  ('NSC7655KMD', 11, 'INNAVO', '2025-08-04', '608.000.000', '2025-08-04 14:29:38.000'),
  ('MVX3692FTD', 92, 'RANGGO', '2025-08-11', '436.000.000', '2025-08-11 11:03:08.000'),
  ('SBF3309SXB', 82, 'VELOS', '2025-08-17', '391.000.000', '2025-08-17 16:50:23.000'),
  ('ARF0478GRJ', 22, 'VELOS', '2025-08-26', '373.000.000', '2025-08-26 16:39:05.000'),
  ('KGR7615GMB', 37, 'VELOS', '2025-08-31', '378.000.000', '2025-08-31 15:43:29.000'),
  ('UUS8137BYL', 2, 'RAIZA', '2025-09-09', '343.000.000', '2025-09-09 10:22:46.000'),
  ('BCA2833WCG', 78, 'RAIZA', '2025-09-14', '219.000.000', '2025-09-14 09:12:00.000'),
  ('WSW5240UMS', 50, 'RANGGO', '2025-09-24', '420.000.000', '2025-09-24 08:54:30.000'),
  ('TCZ9763WWA', 82, 'VELOS', '2025-10-02', '385.000.000', '2025-10-02 14:27:18.000'),
  ('TYN1753AXM', 74, 'RANGGO', '2025-10-05', '433.000.000', '2025-10-05 13:18:12.000'),
  ('GCP3859EJZ', 100, 'INNAVO', '2025-10-16', '634.000.000', '2025-10-16 12:54:52.000'),
  ('GCR1299XFS', 17, 'RAIZA', '2025-10-19', '230.000.000', '2025-10-19 15:09:41.000'),
  ('KGH0700AVA', 71, 'RANGGO', '2025-10-27', '415.000.000', '2025-10-27 10:38:22.000'),
  ('CEF9764FSM', 18, 'RANGGO', '2025-11-05', '460.000.000', '2025-11-05 08:16:46.000'),
  ('EJS3927XYS', 22, 'RANGGO', '2025-11-11', '414.000.000', '2025-11-11 08:00:38.000'),
  ('PDU9483HNN', 47, 'VELOS', '2025-11-16', '392.000.000', '2025-11-16 14:10:33.000'),
  ('EML4699CZA', 4, 'RANGGO', '2025-11-25', '446.000.000', '2025-11-25 16:29:45.000'),
  ('DKA1300ZSX', 45, 'VELOS', '2025-11-30', '379.000.000', '2025-11-30 15:53:49.000'),
  ('FZU3731DYD', 97, 'RAIZA', '2025-12-11', '326.000.000', '2025-12-11 10:45:36.000'),
  ('LVL6532NNF', 11, 'VELOS', '2025-12-14', '378.000.000', '2025-12-14 10:54:12.000'),
  ('PTP4257XCJ', 55, 'RAIZA', '2025-12-22', '210.000.000', '2025-12-22 13:51:08.000'),
  ('GSH4315ACA', 36, 'RAIZA', '2026-01-01', '252.000.000', '2026-01-01 16:51:29.000'),
  ('DFL9340LTB', 55, 'VELOS', '2026-01-06', '401.000.000', '2026-01-06 13:48:54.000'),
  ('FZM7636UML', 10, 'RANGGO', '2026-01-12', '457.000.000', '2026-01-12 16:49:09.000'),
  ('DXB5782BHA', 10, 'INNAVO', '2026-01-19', '602.000.000', '2026-01-19 14:03:22.000'),
  ('VZZ0271LHP', 6, 'RANGGO', '2026-01-28', '427.000.000', '2026-01-28 14:26:46.000'),
  ('CPB3448SFK', 114, 'RANGGO', '2026-02-03', '447.000.000', '2026-02-03 15:40:26.000'),
  ('DKT1061XYY', 13, 'VELOS', '2026-02-11', '369.000.000', '2026-02-11 14:08:40.000'),
  ('MZB9590EZF', 11, 'RAIZA', '2026-02-15', '229.000.000', '2026-02-15 09:15:29.000'),
  ('TDN7438VWF', 43, 'VELOS', '2026-02-22', '397.000.000', '2026-02-22 16:47:16.000'),
  ('ZBV5569TTV', 119, 'INNAVO', '2025-01-05', '587.000.000', '2025-01-05 14:39:42.000'),
  ('ZZF7317EGN', 105, 'INNAVO', '2025-01-12', '621.000.000', '2025-01-12 09:28:03.000'),
  ('GZJ7248JDK', 39, 'RAIZA', '2025-01-19', '261.000.000', '2025-01-19 16:06:09.000'),
  ('RLZ5878HUN', 101, 'RAIZA', '2025-01-26', '232.000.000', '2025-01-26 11:37:21.000'),
  ('GXJ2344UJR', 23, 'RAIZA', '2025-02-03', '355.000.000', '2025-02-03 17:56:40.000'),
  ('HBR9296RPP', 29, 'RANGGO', '2025-02-12', '415.000.000', '2025-02-12 14:42:21.000'),
  ('JGB3539WSY', 90, 'RAIZA', '2025-02-19', '347.000.000', '2025-02-19 15:47:47.000'),
  ('DBD5943MME', 49, 'INNAVO', '2025-02-26', '603.000.000', '2025-02-26 13:26:49.000'),
  ('KKL4164RHX', 75, 'RAIZA', '2025-03-06', '323.000.000', '2025-03-06 08:05:52.000'),
  ('GLS6619SUF', 65, 'INNAVO', '2025-03-13', '593.000.000', '2025-03-13 08:51:23.000'),
  ('AAG9260XXN', 63, 'VELOS', '2025-03-19', '392.000.000', '2025-03-19 14:44:07.000'),
  ('YXF1268MGS', 9, 'INNAVO', '2025-03-25', '614.000.000', '2025-03-25 13:22:37.000'),
  ('DNE8779VDZ', 101, 'RAIZA', '2025-04-01', '291.000.000', '2025-04-01 17:25:31.000'),
  ('TKW4893HNC', 89, 'RANGGO', '2025-04-08', '425.000.000', '2025-04-08 13:32:10.000'),
  ('URG6551NAF', 42, 'VELOS', '2025-04-15', '398.000.000', '2025-04-15 16:25:49.000'),
  ('CNZ8128CJN', 66, 'RANGGO', '2025-04-24', '423.000.000', '2025-04-24 15:13:13.000'),
  ('NAN9989ZBE', 96, 'INNAVO', '2025-04-29', '614.000.000', '2025-04-29 14:10:11.000'),
  ('FNL2488CDD', 54, 'INNAVO', '2025-05-05', '618.000.000', '2025-05-05 11:36:58.000'),
  ('BZF2976FGL', 105, 'RANGGO', '2025-05-13', '438.000.000', '2025-05-13 09:19:01.000'),
  ('LME8881SYZ', 79, 'VELOS', '2025-05-20', '399.000.000', '2025-05-20 17:10:13.000'),
  ('ZUX6239NNJ', 86, 'RAIZA', '2025-05-28', '216.000.000', '2025-05-28 17:22:50.000'),
  ('KCC0615EFN', 23, 'VELOS', '2025-06-04', '376.000.000', '2025-06-04 09:58:45.000'),
  ('PDC2958HEF', 118, 'INNAVO', '2025-06-10', '635.000.000', '2025-06-10 17:58:15.000'),
  ('VXD7588HBV', 114, 'RANGGO', '2025-06-18', '449.000.000', '2025-06-18 15:52:26.000'),
  ('CHU4298DFD', 87, 'INNAVO', '2025-06-24', '599.000.000', '2025-06-24 09:30:39.000'),
  ('HRH2452JUR', 56, 'RANGGO', '2025-07-02', '443.000.000', '2025-07-02 14:00:08.000'),
  ('THM8790EDU', 45, 'RAIZA', '2025-07-10', '349.000.000', '2025-07-10 13:32:21.000'),
  ('TNU3303TBC', 100, 'RAIZA', '2025-07-17', '253.000.000', '2025-07-17 16:01:52.000'),
  ('MTR1547UJF', 103, 'INNAVO', '2025-07-20', '601.000.000', '2025-07-20 08:39:09.000'),
  ('NSP5783BRR', 20, 'RANGGO', '2025-07-30', '463.000.000', '2025-07-30 16:32:34.000'),
  ('WJR7035UJW', 117, 'VELOS', '2025-08-07', '369.000.000', '2025-08-07 15:30:50.000'),
  ('RJL7430ZYH', 33, 'RANGGO', '2025-08-12', '429.000.000', '2025-08-12 10:46:06.000'),
  ('BAW1614LJU', 79, 'RANGGO', '2025-08-21', '456.000.000', '2025-08-21 16:24:38.000'),
  ('YPX0671LUS', 25, 'INNAVO', '2025-08-25', '605.000.000', '2025-08-25 08:35:54.000'),
  ('MZK4444DPE', 108, 'VELOS', '2025-09-04', '388.000.000', '2025-09-04 11:12:56.000'),
  ('FYC4924AJG', 100, 'VELOS', '2025-09-11', '370.000.000', '2025-09-11 14:08:18.000'),
  ('MGM2879GRL', 120, 'INNAVO', '2025-09-17', '602.000.000', '2025-09-17 16:07:19.000'),
  ('USE5649CNG', 84, 'RANGGO', '2025-09-22', '449.000.000', '2025-09-22 08:12:48.000'),
  ('LFL4574EEL', 102, 'RANGGO', '2025-09-29', '410.000.000', '2025-09-29 13:52:14.000'),
  ('MJG3540KAL', 51, 'RAIZA', '2025-10-07', '326.000.000', '2025-10-07 17:54:35.000'),
  ('FTA1722RKE', 90, 'VELOS', '2025-10-16', '385.000.000', '2025-10-16 11:32:29.000'),
  ('YBY3666UAB', 41, 'INNAVO', '2025-10-19', '629.000.000', '2025-10-19 14:24:14.000'),
  ('UWC1783WMM', 86, 'INNAVO', '2025-10-29', '626.000.000', '2025-10-29 14:00:57.000'),
  ('NNT7821XMS', 12, 'RANGGO', '2025-11-04', '412.000.000', '2025-11-04 11:43:46.000'),
  ('HZV0050HAP', 77, 'RAIZA', '2025-11-10', '233.000.000', '2025-11-10 16:57:38.000'),
  ('HJA2912VBW', 99, 'INNAVO', '2025-11-19', '630.000.000', '2025-11-19 14:19:08.000'),
  ('ZLT2122ZET', 30, 'INNAVO', '2025-11-23', '630.000.000', '2025-11-23 10:01:40.000'),
  ('WVZ4508DWP', 55, 'RANGGO', '2025-12-01', '437.000.000', '2025-12-01 10:33:41.000'),
  ('NFF3042HVZ', 91, 'RANGGO', '2025-12-07', '441.000.000', '2025-12-07 15:51:23.000'),
  ('YLA7354YKU', 36, 'INNAVO', '2025-12-17', '614.000.000', '2025-12-17 08:53:39.000'),
  ('WDS2848CNY', 2, 'VELOS', '2025-12-23', '389.000.000', '2025-12-23 16:29:01.000'),
  ('UZS1580UUD', 87, 'INNAVO', '2026-01-01', '590.000.000', '2026-01-01 10:06:26.000'),
  ('HYZ2154FBR', 37, 'RANGGO', '2026-01-04', '463.000.000', '2026-01-04 08:43:18.000'),
  ('FDM7445FNF', 74, 'RANGGO', '2026-01-13', '434.000.000', '2026-01-13 08:46:17.000'),
  ('CTK6890KNB', 16, 'VELOS', '2026-01-18', '375.000.000', '2026-01-18 12:53:35.000'),
  ('NLL1574JGY', 119, 'RAIZA', '2026-01-27', '223.000.000', '2026-01-27 16:00:09.000'),
  ('FJZ2723BPB', 39, 'RANGGO', '2026-02-02', '420.000.000', '2026-02-02 11:49:40.000'),
  ('NFL8309PJX', 7, 'INNAVO', '2026-02-08', '622.000.000', '2026-02-08 08:34:42.000'),
  ('YTP6609SMD', 21, 'RAIZA', '2026-02-18', '245.000.000', '2026-02-18 13:10:18.000'),
  ('PGW5338PCA', 119, 'INNAVO', '2026-02-26', '600.000.000', '2026-02-26 15:30:46.000'),
  ('SUT7287GLA', 120, 'INNAVO', '2025-01-08', '606.000.000', '2025-01-08 13:06:02.000'),
  ('WEH1359VYX', 84, 'RANGGO', '2025-01-15', '441.000.000', '2025-01-15 08:49:05.000'),
  ('RFB0751FTC', 1, 'RANGGO', '2025-01-19', '445.000.000', '2025-01-19 13:48:57.000'),
  ('PAL7844JZN', 62, 'VELOS', '2025-01-27', '378.000.000', '2025-01-27 15:02:11.000'),
  ('HDN4532SAC', 45, 'RAIZA', '2025-02-05', '252.000.000', '2025-02-05 09:04:12.000'),
  ('GWW1155VZS', 36, 'VELOS', '2025-02-13', '387.000.000', '2025-02-13 13:18:01.000'),
  ('SMU3391DSS', 107, 'INNAVO', '2025-02-19', '625.000.000', '2025-02-19 11:43:39.000'),
  ('ZKB1657UWE', 13, 'RANGGO', '2025-02-27', '454.000.000', '2025-02-27 15:30:32.000'),
  ('VNV1679TRA', 109, 'RAIZA', '2025-03-04', '327.000.000', '2025-03-04 11:43:29.000'),
  ('WSE9449VSU', 106, 'RAIZA', '2025-03-10', '332.000.000', '2025-03-10 15:00:04.000'),
  ('KLS5251CVZ', 54, 'VELOS', '2025-03-18', '384.000.000', '2025-03-18 11:01:49.000'),
  ('JNS7735JHN', 80, 'RANGGO', '2025-03-24', '418.000.000', '2025-03-24 12:31:43.000'),
  ('DYY7311LMK', 68, 'INNAVO', '2025-03-30', '634.000.000', '2025-03-30 08:05:33.000'),
  ('TFA5111HZA', 92, 'RANGGO', '2025-04-07', '440.000.000', '2025-04-07 14:46:45.000'),
  ('YUH6525XKD', 92, 'VELOS', '2025-04-14', '387.000.000', '2025-04-14 17:54:08.000'),
  ('SBL6332PMJ', 3, 'VELOS', '2025-04-21', '390.000.000', '2025-04-21 11:14:32.000'),
  ('KYF8408AMZ', 66, 'RAIZA', '2025-04-29', '222.000.000', '2025-04-29 10:27:48.000'),
  ('RLR7564GGY', 81, 'INNAVO', '2025-05-06', '591.000.000', '2025-05-06 08:28:45.000'),
  ('FUK9305SNB', 49, 'RANGGO', '2025-05-11', '439.000.000', '2025-05-11 12:57:49.000'),
  ('GYG7175PWM', 32, 'VELOS', '2025-05-22', '378.000.000', '2025-05-22 14:40:24.000'),
  ('KYT1235FFE', 60, 'INNAVO', '2025-05-26', '597.000.000', '2025-05-26 12:51:58.000'),
  ('LTL6467HHZ', 77, 'VELOS', '2025-06-04', '401.000.000', '2025-06-04 08:37:22.000'),
  ('JGN0974LFJ', 4, 'RAIZA', '2025-06-12', '305.000.000', '2025-06-12 11:50:19.000'),
  ('TSF1821RYK', 56, 'RAIZA', '2025-06-16', '287.000.000', '2025-06-16 08:49:27.000'),
  ('RXM2208CMN', 76, 'RANGGO', '2025-06-24', '433.000.000', '2025-06-24 12:56:13.000'),
  ('PVD1424HYA', 42, 'RANGGO', '2025-07-03', '412.000.000', '2025-07-03 08:20:35.000'),
  ('FJZ6610KNT', 16, 'RANGGO', '2025-07-07', '451.000.000', '2025-07-07 12:32:26.000'),
  ('BEC2900BBA', 49, 'INNAVO', '2025-07-16', '608.000.000', '2025-07-16 11:12:23.000'),
  ('TUF8623JPP', 88, 'VELOS', '2025-07-22', '395.000.000', '2025-07-22 14:53:12.000'),
  ('JWB8354WYW', 72, 'RANGGO', '2025-07-27', '440.000.000', '2025-07-27 11:16:55.000'),
  ('PKB7813TRU', 111, 'RANGGO', '2025-08-05', '415.000.000', '2025-08-05 11:42:15.000'),
  ('CCT5054LDJ', 46, 'VELOS', '2025-08-12', '382.000.000', '2025-08-12 12:44:55.000'),
  ('NEU1998XUZ', 95, 'INNAVO', '2025-08-20', '626.000.000', '2025-08-20 10:56:43.000'),
  ('PNT3410BXB', 57, 'VELOS', '2025-08-27', '396.000.000', '2025-08-27 10:18:41.000'),
  ('FKK4209TZF', 82, 'VELOS', '2025-09-03', '385.000.000', '2025-09-03 09:29:10.000'),
  ('AME0947DCD', 49, 'RANGGO', '2025-09-09', '462.000.000', '2025-09-09 14:10:47.000'),
  ('KBN6589SWX', 2, 'INNAVO', '2025-09-15', '596.000.000', '2025-09-15 10:01:50.000'),
  ('DEB7989GBM', 37, 'INNAVO', '2025-09-23', '597.000.000', '2025-09-23 15:34:45.000'),
  ('FAN0502UVC', 100, 'INNAVO', '2025-10-02', '635.000.000', '2025-10-02 15:58:06.000'),
  ('PZD7969HYW', 66, 'RANGGO', '2025-10-08', '440.000.000', '2025-10-08 13:15:56.000'),
  ('TKZ5585WUE', 37, 'RAIZA', '2025-10-12', '292.000.000', '2025-10-12 12:08:16.000'),
  ('MWT6234MVC', 82, 'VELOS', '2025-10-22', '385.000.000', '2025-10-22 16:10:27.000'),
  ('VHH6690WXW', 49, 'VELOS', '2025-10-26', '398.000.000', '2025-10-26 08:12:38.000'),
  ('FZM1123VJE', 6, 'RANGGO', '2025-11-05', '459.000.000', '2025-11-05 17:35:09.000'),
  ('PEU2290YUL', 93, 'INNAVO', '2025-11-13', '617.000.000', '2025-11-13 14:23:23.000'),
  ('EWN1686JKV', 30, 'VELOS', '2025-11-17', '399.000.000', '2025-11-17 11:24:56.000'),
  ('LWZ2055DYA', 1, 'INNAVO', '2025-11-25', '627.000.000', '2025-11-25 17:41:01.000'),
  ('VFS4287YLP', 34, 'INNAVO', '2025-12-04', '593.000.000', '2025-12-04 12:12:23.000'),
  ('HSC2411ZSN', 95, 'RANGGO', '2025-12-10', '461.000.000', '2025-12-10 12:06:54.000'),
  ('CJV4064MRW', 104, 'INNAVO', '2025-12-18', '619.000.000', '2025-12-18 10:49:00.000'),
  ('DZL3146DET', 32, 'VELOS', '2025-12-25', '395.000.000', '2025-12-25 15:16:00.000'),
  ('WDS4605WYJ', 85, 'RANGGO', '2025-12-31', '464.000.000', '2025-12-31 12:00:41.000'),
  ('JST5283BLW', 53, 'RANGGO', '2026-01-04', '435.000.000', '2026-01-04 11:04:13.000'),
  ('WVT9147VZM', 41, 'RAIZA', '2026-01-11', '327.000.000', '2026-01-11 11:52:08.000'),
  ('HME9539NFU', 28, 'RANGGO', '2026-01-22', '439.000.000', '2026-01-22 14:25:45.000'),
  ('FAF8833CRB', 111, 'RANGGO', '2026-01-26', '431.000.000', '2026-01-26 16:29:59.000'),
  ('LVN9098BGT', 59, 'RAIZA', '2026-02-01', '299.000.000', '2026-02-01 15:51:19.000'),
  ('FVC8771YTG', 69, 'VELOS', '2026-02-08', '375.000.000', '2026-02-08 09:03:53.000'),
  ('LJG7294WZF', 3, 'INNAVO', '2026-02-19', '612.000.000', '2026-02-19 17:29:59.000'),
  ('BZC7359UXA', 52, 'VELOS', '2026-02-24', '381.000.000', '2026-02-24 11:33:23.000'),
  ('NDJ8399YJB', 70, 'RAIZA', '2025-01-07', '233.000.000', '2025-01-07 17:58:06.000'),
  ('LBP4049LTR', 65, 'INNAVO', '2025-01-13', '586.000.000', '2025-01-13 16:26:29.000'),
  ('JHA8507NBT', 61, 'VELOS', '2025-01-22', '392.000.000', '2025-01-22 10:24:15.000'),
  ('TCU5556SUP', 74, 'RANGGO', '2025-01-27', '459.000.000', '2025-01-27 16:56:07.000'),
  ('SBJ5706NJY', 66, 'INNAVO', '2025-02-03', '625.000.000', '2025-02-03 17:05:44.000'),
  ('WZN4685FAF', 49, 'VELOS', '2025-02-10', '375.000.000', '2025-02-10 16:28:01.000'),
  ('DRF0353GPD', 17, 'RAIZA', '2025-02-19', '325.000.000', '2025-02-19 11:51:50.000'),
  ('RDC0193FGN', 32, 'INNAVO', '2025-02-23', '618.000.000', '2025-02-23 15:07:41.000'),
  ('VLN8812LCJ', 31, 'VELOS', '2025-03-02', '394.000.000', '2025-03-02 10:31:09.000'),
  ('NKF5897FZR', 106, 'INNAVO', '2025-03-11', '585.000.000', '2025-03-11 11:55:15.000'),
  ('XFY2649DYV', 40, 'VELOS', '2025-03-16', '392.000.000', '2025-03-16 13:30:51.000'),
  ('TRS5985PDM', 45, 'RANGGO', '2025-03-25', '464.000.000', '2025-03-25 15:18:05.000'),
  ('BYM9142RKA', 35, 'RAIZA', '2025-03-30', '308.000.000', '2025-03-30 10:01:52.000'),
  ('RZP5228LVX', 10, 'VELOS', '2025-04-07', '400.000.000', '2025-04-07 12:01:03.000'),
  ('LAK9447ULB', 3, 'INNAVO', '2025-04-16', '597.000.000', '2025-04-16 17:52:59.000'),
  ('XZA1721LSB', 85, 'VELOS', '2025-04-21', '378.000.000', '2025-04-21 15:41:30.000'),
  ('PXX7651YWJ', 114, 'VELOS', '2025-04-27', '384.000.000', '2025-04-27 11:10:15.000'),
  ('JEY0491NLP', 31, 'VELOS', '2025-05-08', '391.000.000', '2025-05-08 13:46:52.000'),
  ('KBT8730NAU', 5, 'RANGGO', '2025-05-13', '416.000.000', '2025-05-13 16:09:31.000'),
  ('LHN5205NFP', 106, 'INNAVO', '2025-05-21', '614.000.000', '2025-05-21 15:39:32.000'),
  ('HMU5327TJU', 80, 'RANGGO', '2025-05-25', '448.000.000', '2025-05-25 08:35:01.000'),
  ('FZR5974AMY', 6, 'VELOS', '2025-06-05', '374.000.000', '2025-06-05 08:21:37.000'),
  ('ABH7805TAK', 59, 'RAIZA', '2025-06-08', '274.000.000', '2025-06-08 09:20:40.000'),
  ('BFM6317WSM', 55, 'RAIZA', '2025-06-18', '298.000.000', '2025-06-18 12:53:12.000'),
  ('WBU4887WCZ', 13, 'RANGGO', '2025-06-25', '433.000.000', '2025-06-25 08:47:08.000'),
  ('MKK5874FBG', 17, 'INNAVO', '2025-07-02', '614.000.000', '2025-07-02 12:54:30.000'),
  ('VDM0742VLW', 3, 'RAIZA', '2025-07-10', '248.000.000', '2025-07-10 10:17:51.000'),
  ('LTL8088FUE', 27, 'INNAVO', '2025-07-14', '616.000.000', '2025-07-14 15:13:04.000'),
  ('ZWV3774MMK', 49, 'RANGGO', '2025-07-22', '439.000.000', '2025-07-22 09:33:22.000'),
  ('UKT1688RAP', 73, 'RANGGO', '2025-07-28', '411.000.000', '2025-07-28 09:46:06.000'),
  ('ABA7590TED', 88, 'RANGGO', '2025-08-04', '442.000.000', '2025-08-04 10:34:29.000'),
  ('JFN9516MVW', 86, 'RANGGO', '2025-08-14', '454.000.000', '2025-08-14 11:56:11.000'),
  ('UDG9097ZTZ', 103, 'RAIZA', '2025-08-17', '288.000.000', '2025-08-17 12:05:37.000'),
  ('DYT4927CJT', 97, 'RAIZA', '2025-08-25', '307.000.000', '2025-08-25 10:21:33.000'),
  ('ALW5616YWR', 105, 'RANGGO', '2025-09-02', '436.000.000', '2025-09-02 11:05:43.000'),
  ('TFY8146XHV', 91, 'INNAVO', '2025-09-11', '615.000.000', '2025-09-11 16:09:30.000'),
  ('WPY2839CTF', 1, 'INNAVO', '2025-09-14', '605.000.000', '2025-09-14 10:16:45.000'),
  ('RNA1265MVV', 94, 'RAIZA', '2025-09-22', '290.000.000', '2025-09-22 10:56:48.000'),
  ('PWV0743XMP', 34, 'VELOS', '2025-09-29', '373.000.000', '2025-09-29 09:59:42.000'),
  ('UMD7853KVP', 86, 'RANGGO', '2025-10-07', '440.000.000', '2025-10-07 11:07:50.000');

INSERT INTO after_sales_raw (service_ticket, vin, customer_id, model, service_date, service_type, created_at)
VALUES
  ('T124-kgu1', 'MAS8160POE', 3, 'RANGGO', '2025-07-11', 'BP', '2025-07-11 09:24:40.012'),
  ('T560-jga1', 'JLK1368KDE', 4, 'INNAVO', '2025-08-04', 'PM', '2025-08-04 10:12:54.003'),
  ('T521-oai8', 'POI1059IIK', 5, 'RAIZA', '2025-11-10', 'GR', '2025-11-10 12:45:02.391'),
  ('T601-kpl3', 'QWE2034ZXC', 7, 'RAIZA', '2025-05-01', 'PM', '2025-05-01 08:10:11.001'),
  ('T602-kpl4', 'QWE2034ZXC', 7, 'RAIZA', '2025-07-01', 'GR', '2025-07-01 08:11:11.001'),
  ('T603-kpl5', 'ASD9234RTY', 8, 'RANGGO', '2025-08-21', 'PM', '2025-08-21 13:01:01.111'),
  ('T604-kpl6', 'ZXC8821VBN', 9, 'INNAVO', '2025-09-12', 'BP', '2025-09-12 10:31:55.321'),
  ('T605-kpl7', 'POI1192LKJ', 10, 'VELOS', '2025-10-02', 'GR', '2025-10-02 10:10:10.010'),
  ('T606-kpl8', 'POI1192LKJ', 10, 'VELOS', '2025-12-02', 'PM', '2025-12-02 10:10:10.120'),
  ('T607-kpl9', 'MNB7788GHJ', 11, 'RAIZA', '2025-12-20', 'BP', '2025-12-20 15:22:01.222'),
  ('T608-kpm0', 'LKJ0911QAZ', 12, 'RANGGO', '2026-01-11', 'PM', '2026-01-11 09:44:34.900'),
  ('T609-kpm1', 'WSX5500EDC', 13, 'INNAVO', '2026-01-15', 'GR', '2026-01-15 14:44:34.900'),
  ('T610-kpm2', 'RFV7712TGB', 14, 'VELOS', '2026-02-08', 'PM', '2026-02-08 17:40:20.452'),
  ('T611-kpm3', 'YHN2299UJM', 15, 'RAIZA', '2026-03-03', 'BP', '2026-03-03 10:21:49.340'),
  ('T612-kpm4', 'AAA0000XXX', 2, 'RAIZA', '2026-03-10', 'GR', '2026-03-10 11:35:54.612'),
  ('T9DM-00', 'JIS8135SAD', 1, 'RAIZA', '2025-03-18', 'BP', '2025-03-18 00:00:00.000'),
  ('T9DM-01', 'JIS8135SAD', 1, 'RAIZA', '2025-04-09', 'PM', '2025-04-09 00:00:00.000'),
  ('T9DM-02', 'JIS8135SAD', 1, 'RAIZA', '2025-05-14', 'GR', '2025-05-14 00:00:00.000'),
  ('T9DM-03', 'JIS8135SAD', 1, 'RAIZA', '2025-06-22', 'BP', '2025-06-22 00:00:00.000'),
  ('T9DM-04', 'JIS8135SAD', 1, 'RAIZA', '2025-08-05', 'PM', '2025-08-05 00:00:00.000'),
  ('T9DM-05', 'JIS8135SAD', 1, 'RAIZA', '2025-10-12', 'GR', '2025-10-12 00:00:00.000'),
  ('T9DM-06', 'JIS8135SAD', 1, 'RAIZA', '2025-12-03', 'BP', '2025-12-03 00:00:00.000'),
  ('T9HI-00', 'MAS8160POE', 3, 'RANGGO', '2025-06-08', 'PM', '2025-06-08 00:00:00.000'),
  ('T9HI-01', 'MAS8160POE', 3, 'RANGGO', '2025-06-28', 'GR', '2025-06-28 00:00:00.000'),
  ('T9HI-02', 'MAS8160POE', 3, 'RANGGO', '2025-07-25', 'BP', '2025-07-25 00:00:00.000'),
  ('T9HI-03', 'MAS8160POE', 3, 'RANGGO', '2025-08-07', 'PM', '2025-08-07 00:00:00.000'),
  ('T9HI-04', 'MAS8160POE', 3, 'RANGGO', '2025-08-26', 'GR', '2025-08-26 00:00:00.000'),
  ('T9HI-05', 'MAS8160POE', 3, 'RANGGO', '2025-09-09', 'BP', '2025-09-09 00:00:00.000'),
  ('T9HI-06', 'MAS8160POE', 3, 'RANGGO', '2025-09-30', 'PM', '2025-09-30 00:00:00.000'),
  ('T9HI-07', 'MAS8160POE', 3, 'RANGGO', '2025-10-14', 'GR', '2025-10-14 00:00:00.000'),
  ('T9HI-08', 'MAS8160POE', 3, 'RANGGO', '2025-11-02', 'BP', '2025-11-02 00:00:00.000'),
  ('T9HI-09', 'MAS8160POE', 3, 'RANGGO', '2025-11-19', 'PM', '2025-11-19 00:00:00.000'),
  ('T9HI-10', 'MAS8160POE', 3, 'RANGGO', '2025-12-18', 'GR', '2025-12-18 00:00:00.000'),
  ('T101-ye3', 'ZBN6375SRG', 99, 'INNAVO', '2025-07-31', 'BP', '2025-07-31 08:55:00.000'),
  ('T102-le6', 'ZBN6375SRG', 99, 'INNAVO', '2026-03-26', 'GR', '2026-03-26 11:22:00.000'),
  ('T103-ve1', 'ENZ9288LDB', 111, 'RANGGO', '2025-07-03', 'GR', '2025-07-03 11:14:00.000'),
  ('T104-uy0', 'ENZ9288LDB', 111, 'RANGGO', '2025-10-26', 'GR', '2025-10-26 15:47:00.000'),
  ('T105-mk3', 'ENZ9288LDB', 111, 'RANGGO', '2025-06-03', 'GR', '2025-06-03 08:40:00.000'),
  ('T106-sn4', 'UYC9529TEB', 32, 'VELOS', '2026-02-22', 'PM', '2026-02-22 10:17:00.000'),
  ('T107-gx8', 'UYC9529TEB', 32, 'VELOS', '2025-12-12', 'GR', '2025-12-12 14:41:00.000'),
  ('T108-fg3', 'NLJ0937NCV', 57, 'INNAVO', '2025-12-31', 'GR', '2025-12-31 11:36:00.000'),
  ('T109-ka2', 'UBD9170RNL', 85, 'RAIZA', '2025-11-04', 'PM', '2025-11-04 08:55:00.000'),
  ('T110-cl4', 'UBD9170RNL', 85, 'RAIZA', '2025-10-11', 'GR', '2025-10-11 09:07:00.000'),
  ('T111-ze6', 'ARF0478GRJ', 22, 'VELOS', '2025-11-29', 'PM', '2025-11-29 14:52:00.000'),
  ('T112-qx8', 'ARF0478GRJ', 22, 'VELOS', '2026-03-04', 'BP', '2026-03-04 11:25:00.000'),
  ('T113-ui5', 'KGR7615GMB', 37, 'VELOS', '2026-01-25', 'PM', '2026-01-25 12:46:00.000'),
  ('T114-bj1', 'KGR7615GMB', 37, 'VELOS', '2025-12-13', 'BP', '2025-12-13 09:31:00.000'),
  ('T115-ai1', 'TCZ9763WWA', 82, 'VELOS', '2026-01-28', 'GR', '2026-01-28 12:56:00.000'),
  ('T116-hm2', 'TYN1753AXM', 74, 'RANGGO', '2025-12-11', 'BP', '2025-12-11 14:13:00.000'),
  ('T117-nh9', 'TYN1753AXM', 74, 'RANGGO', '2025-12-13', 'GR', '2025-12-13 09:27:00.000'),
  ('T118-dv7', 'EJS3927XYS', 22, 'RANGGO', '2026-03-19', 'GR', '2026-03-19 09:00:00.000'),
  ('T119-la2', 'PDU9483HNN', 47, 'VELOS', '2025-12-09', 'GR', '2025-12-09 16:53:00.000'),
  ('T120-vp9', 'PDU9483HNN', 47, 'VELOS', '2025-12-03', 'GR', '2025-12-03 12:58:00.000'),
  ('T121-hp0', 'PTP4257XCJ', 55, 'RAIZA', '2026-01-15', 'PM', '2026-01-15 16:08:00.000'),
  ('T122-me2', 'GSH4315ACA', 36, 'RAIZA', '2026-01-14', 'PM', '2026-01-14 17:44:00.000'),
  ('T123-kw2', 'GSH4315ACA', 36, 'RAIZA', '2026-01-17', 'PM', '2026-01-17 17:17:00.000'),
  ('T124-jc3', 'GSH4315ACA', 36, 'RAIZA', '2026-03-02', 'BP', '2026-03-02 15:12:00.000'),
  ('T125-lu9', 'DFL9340LTB', 55, 'VELOS', '2026-02-13', 'PM', '2026-02-13 11:57:00.000'),
  ('T126-pc3', 'DXB5782BHA', 10, 'INNAVO', '2026-02-09', 'PM', '2026-02-09 14:31:00.000'),
  ('T127-tn7', 'DXB5782BHA', 10, 'INNAVO', '2026-03-24', 'PM', '2026-03-24 16:40:00.000'),
  ('T128-ic2', 'VZZ0271LHP', 6, 'RANGGO', '2026-03-04', 'PM', '2026-03-04 08:54:00.000'),
  ('T129-pq6', 'VZZ0271LHP', 6, 'RANGGO', '2026-02-07', 'GR', '2026-02-07 17:44:00.000'),
  ('T130-ia2', 'VZZ0271LHP', 6, 'RANGGO', '2026-02-11', 'PM', '2026-02-11 14:52:00.000'),
  ('T131-gg4', 'CPB3448SFK', 114, 'RANGGO', '2026-03-22', 'GR', '2026-03-22 09:15:00.000'),
  ('T132-fd6', 'CPB3448SFK', 114, 'RANGGO', '2026-03-21', 'BP', '2026-03-21 12:20:00.000'),
  ('T133-xj8', 'ZZF7317EGN', 105, 'INNAVO', '2025-11-16', 'GR', '2025-11-16 16:22:00.000'),
  ('T134-pm1', 'GZJ7248JDK', 39, 'RAIZA', '2025-05-24', 'BP', '2025-05-24 17:06:00.000'),
  ('T135-yz5', 'GZJ7248JDK', 39, 'RAIZA', '2025-07-13', 'PM', '2025-07-13 09:34:00.000'),
  ('T136-qw7', 'RLZ5878HUN', 101, 'RAIZA', '2025-03-12', 'GR', '2025-03-12 13:26:00.000'),
  ('T137-eg7', 'GXJ2344UJR', 23, 'RAIZA', '2025-05-06', 'GR', '2025-05-06 08:01:00.000'),
  ('T138-qu8', 'GXJ2344UJR', 23, 'RAIZA', '2025-03-29', 'PM', '2025-03-29 12:04:00.000'),
  ('T139-lg6', 'HBR9296RPP', 29, 'RANGGO', '2025-04-05', 'BP', '2025-04-05 12:39:00.000'),
  ('T140-js2', 'HBR9296RPP', 29, 'RANGGO', '2025-10-16', 'BP', '2025-10-16 10:15:00.000'),
  ('T141-iq3', 'HBR9296RPP', 29, 'RANGGO', '2026-01-26', 'GR', '2026-01-26 11:36:00.000'),
  ('T142-hw7', 'JGB3539WSY', 90, 'RAIZA', '2025-06-23', 'PM', '2025-06-23 16:17:00.000'),
  ('T143-lu4', 'DBD5943MME', 49, 'INNAVO', '2025-04-12', 'PM', '2025-04-12 15:50:00.000'),
  ('T144-gc1', 'DBD5943MME', 49, 'INNAVO', '2025-08-16', 'GR', '2025-08-16 14:30:00.000'),
  ('T145-ud5', 'GLS6619SUF', 65, 'INNAVO', '2025-07-15', 'GR', '2025-07-15 11:27:00.000'),
  ('T146-nb4', 'AAG9260XXN', 63, 'VELOS', '2025-07-09', 'PM', '2025-07-09 10:23:00.000'),
  ('T147-sh9', 'YXF1268MGS', 9, 'INNAVO', '2026-02-20', 'GR', '2026-02-20 14:11:00.000'),
  ('T148-ke9', 'YXF1268MGS', 9, 'INNAVO', '2025-10-09', 'GR', '2025-10-09 15:48:00.000'),
  ('T149-xs1', 'DNE8779VDZ', 101, 'RAIZA', '2025-07-23', 'PM', '2025-07-23 17:15:00.000'),
  ('T150-pl3', 'TKW4893HNC', 89, 'RANGGO', '2025-11-08', 'PM', '2025-11-08 12:17:00.000'),
  ('T151-fi7', 'TKW4893HNC', 89, 'RANGGO', '2026-01-11', 'GR', '2026-01-11 13:47:00.000'),
  ('T152-je1', 'URG6551NAF', 42, 'VELOS', '2026-02-27', 'PM', '2026-02-27 09:37:00.000'),
  ('T153-wt8', 'URG6551NAF', 42, 'VELOS', '2025-08-03', 'BP', '2025-08-03 12:40:00.000'),
  ('T154-hn8', 'NAN9989ZBE', 96, 'INNAVO', '2026-01-26', 'PM', '2026-01-26 08:32:00.000'),
  ('T155-bh4', 'NAN9989ZBE', 96, 'INNAVO', '2025-12-28', 'BP', '2025-12-28 16:17:00.000'),
  ('T156-ci2', 'NAN9989ZBE', 96, 'INNAVO', '2025-10-01', 'PM', '2025-10-01 12:50:00.000'),
  ('T157-ov6', 'BZF2976FGL', 105, 'RANGGO', '2025-05-31', 'GR', '2025-05-31 14:57:00.000'),
  ('T158-eg1', 'PDC2958HEF', 118, 'INNAVO', '2025-07-09', 'BP', '2025-07-09 14:18:00.000'),
  ('T159-et2', 'PDC2958HEF', 118, 'INNAVO', '2025-07-13', 'GR', '2025-07-13 10:38:00.000'),
  ('T160-ls5', 'PDC2958HEF', 118, 'INNAVO', '2026-01-23', 'PM', '2026-01-23 11:16:00.000'),
  ('T161-ee1', 'CHU4298DFD', 87, 'INNAVO', '2025-12-24', 'GR', '2025-12-24 09:02:00.000'),
  ('T162-sp0', 'HRH2452JUR', 56, 'RANGGO', '2026-03-23', 'PM', '2026-03-23 09:32:00.000'),
  ('T163-oy7', 'THM8790EDU', 45, 'RAIZA', '2025-08-27', 'BP', '2025-08-27 15:46:00.000'),
  ('T164-fx6', 'THM8790EDU', 45, 'RAIZA', '2025-09-13', 'PM', '2025-09-13 11:18:00.000'),
  ('T165-jj1', 'THM8790EDU', 45, 'RAIZA', '2026-01-15', 'BP', '2026-01-15 17:14:00.000'),
  ('T166-on2', 'MTR1547UJF', 103, 'INNAVO', '2026-01-28', 'BP', '2026-01-28 15:18:00.000'),
  ('T167-yk0', 'NSP5783BRR', 20, 'RANGGO', '2026-02-16', 'BP', '2026-02-16 16:50:00.000'),
  ('T168-wg4', 'NSP5783BRR', 20, 'RANGGO', '2025-10-15', 'BP', '2025-10-15 08:13:00.000'),
  ('T169-kt9', 'WJR7035UJW', 117, 'VELOS', '2026-03-19', 'GR', '2026-03-19 16:11:00.000'),
  ('T170-ry9', 'WJR7035UJW', 117, 'VELOS', '2026-01-15', 'GR', '2026-01-15 13:15:00.000'),
  ('T171-ai3', 'RJL7430ZYH', 33, 'RANGGO', '2025-10-12', 'PM', '2025-10-12 12:37:00.000'),
  ('T172-qb9', 'RJL7430ZYH', 33, 'RANGGO', '2025-12-23', 'PM', '2025-12-23 17:23:00.000'),
  ('T173-lg2', 'RJL7430ZYH', 33, 'RANGGO', '2025-10-06', 'PM', '2025-10-06 09:53:00.000'),
  ('T174-mn8', 'FYC4924AJG', 100, 'VELOS', '2025-12-03', 'BP', '2025-12-03 14:02:00.000'),
  ('T175-jz1', 'FYC4924AJG', 100, 'VELOS', '2026-01-31', 'GR', '2026-01-31 09:05:00.000'),
  ('T176-pc9', 'FYC4924AJG', 100, 'VELOS', '2026-01-07', 'GR', '2026-01-07 15:08:00.000'),
  ('T177-kr4', 'MGM2879GRL', 120, 'INNAVO', '2025-10-23', 'BP', '2025-10-23 17:56:00.000'),
  ('T178-sn5', 'MGM2879GRL', 120, 'INNAVO', '2025-10-24', 'PM', '2025-10-24 12:11:00.000'),
  ('T179-ti7', 'MGM2879GRL', 120, 'INNAVO', '2025-12-25', 'BP', '2025-12-25 11:38:00.000'),
  ('T180-pf9', 'MJG3540KAL', 51, 'RAIZA', '2026-02-20', 'GR', '2026-02-20 15:35:00.000'),
  ('T181-wt9', 'MJG3540KAL', 51, 'RAIZA', '2025-10-27', 'GR', '2025-10-27 14:34:00.000'),
  ('T182-la6', 'FTA1722RKE', 90, 'VELOS', '2026-02-26', 'GR', '2026-02-26 12:22:00.000'),
  ('T183-dh7', 'FTA1722RKE', 90, 'VELOS', '2025-12-08', 'GR', '2025-12-08 10:08:00.000'),
  ('T184-um0', 'YBY3666UAB', 41, 'INNAVO', '2025-11-08', 'PM', '2025-11-08 11:12:00.000'),
  ('T185-cx3', 'YBY3666UAB', 41, 'INNAVO', '2026-03-01', 'GR', '2026-03-01 09:48:00.000'),
  ('T186-va6', 'NNT7821XMS', 12, 'RANGGO', '2026-03-22', 'BP', '2026-03-22 13:22:00.000'),
  ('T187-bt7', 'NNT7821XMS', 12, 'RANGGO', '2026-01-07', 'GR', '2026-01-07 15:01:00.000'),
  ('T188-jb4', 'HZV0050HAP', 77, 'RAIZA', '2026-03-25', 'GR', '2026-03-25 09:02:00.000'),
  ('T189-wd1', 'HZV0050HAP', 77, 'RAIZA', '2026-02-20', 'BP', '2026-02-20 08:22:00.000'),
  ('T190-ku7', 'HZV0050HAP', 77, 'RAIZA', '2025-12-01', 'GR', '2025-12-01 08:47:00.000'),
  ('T191-rj8', 'HJA2912VBW', 99, 'INNAVO', '2025-12-06', 'GR', '2025-12-06 16:46:00.000'),
  ('T192-en9', 'HJA2912VBW', 99, 'INNAVO', '2026-03-21', 'GR', '2026-03-21 08:07:00.000'),
  ('T193-oj3', 'HJA2912VBW', 99, 'INNAVO', '2026-03-16', 'PM', '2026-03-16 16:50:00.000'),
  ('T194-zo0', 'WVZ4508DWP', 55, 'RANGGO', '2026-01-23', 'PM', '2026-01-23 09:25:00.000'),
  ('T195-pd3', 'NFF3042HVZ', 91, 'RANGGO', '2026-03-14', 'GR', '2026-03-14 17:58:00.000'),
  ('T196-up8', 'YLA7354YKU', 36, 'INNAVO', '2026-03-20', 'GR', '2026-03-20 15:03:00.000'),
  ('T197-wi2', 'YLA7354YKU', 36, 'INNAVO', '2026-01-29', 'GR', '2026-01-29 17:42:00.000'),
  ('T198-mi9', 'WDS2848CNY', 2, 'VELOS', '2026-01-04', 'BP', '2026-01-04 08:41:00.000'),
  ('T199-cu6', 'WDS2848CNY', 2, 'VELOS', '2026-02-26', 'PM', '2026-02-26 15:11:00.000'),
  ('T200-ae9', 'UZS1580UUD', 87, 'INNAVO', '2026-02-14', 'GR', '2026-02-14 10:21:00.000'),
  ('T201-le6', 'FDM7445FNF', 74, 'RANGGO', '2026-02-09', 'BP', '2026-02-09 12:47:00.000'),
  ('T202-ja1', 'NLL1574JGY', 119, 'RAIZA', '2026-03-22', 'GR', '2026-03-22 10:02:00.000'),
  ('T203-bt9', 'NFL8309PJX', 7, 'INNAVO', '2026-03-06', 'GR', '2026-03-06 11:33:00.000'),
  ('T204-be9', 'NFL8309PJX', 7, 'INNAVO', '2026-03-13', 'PM', '2026-03-13 12:09:00.000'),
  ('T205-tx1', 'YTP6609SMD', 21, 'RAIZA', '2026-03-06', 'BP', '2026-03-06 12:24:00.000'),
  ('T206-rc8', 'YTP6609SMD', 21, 'RAIZA', '2026-03-24', 'BP', '2026-03-24 08:35:00.000'),
  ('T207-si1', 'SUT7287GLA', 120, 'INNAVO', '2025-10-27', 'PM', '2025-10-27 08:21:00.000'),
  ('T208-sn5', 'SUT7287GLA', 120, 'INNAVO', '2025-09-09', 'GR', '2025-09-09 08:15:00.000'),
  ('T209-zw4', 'SUT7287GLA', 120, 'INNAVO', '2025-12-22', 'BP', '2025-12-22 12:15:00.000'),
  ('T210-ud4', 'SMU3391DSS', 107, 'INNAVO', '2026-03-07', 'BP', '2026-03-07 11:29:00.000'),
  ('T211-cw6', 'SMU3391DSS', 107, 'INNAVO', '2025-06-20', 'PM', '2025-06-20 12:02:00.000'),
  ('T212-ti2', 'SMU3391DSS', 107, 'INNAVO', '2025-04-23', 'BP', '2025-04-23 11:35:00.000'),
  ('T213-st8', 'VNV1679TRA', 109, 'RAIZA', '2025-06-06', 'BP', '2025-06-06 14:43:00.000'),
  ('T214-hs9', 'DYY7311LMK', 68, 'INNAVO', '2025-06-07', 'PM', '2025-06-07 13:34:00.000'),
  ('T215-cy1', 'DYY7311LMK', 68, 'INNAVO', '2026-01-21', 'PM', '2026-01-21 16:34:00.000'),
  ('T216-th2', 'DYY7311LMK', 68, 'INNAVO', '2025-11-21', 'BP', '2025-11-21 17:30:00.000'),
  ('T217-sw7', 'YUH6525XKD', 92, 'VELOS', '2026-03-27', 'BP', '2026-03-27 10:47:00.000'),
  ('T218-ec2', 'YUH6525XKD', 92, 'VELOS', '2025-08-24', 'GR', '2025-08-24 09:25:00.000'),
  ('T219-pz4', 'YUH6525XKD', 92, 'VELOS', '2025-10-24', 'BP', '2025-10-24 15:06:00.000'),
  ('T220-oo2', 'SBL6332PMJ', 3, 'VELOS', '2025-06-05', 'GR', '2025-06-05 17:38:00.000'),
  ('T221-pp1', 'SBL6332PMJ', 3, 'VELOS', '2025-11-11', 'PM', '2025-11-11 16:05:00.000'),
  ('T222-ll6', 'SBL6332PMJ', 3, 'VELOS', '2025-08-16', 'GR', '2025-08-16 16:47:00.000'),
  ('T223-qo1', 'KYF8408AMZ', 66, 'RAIZA', '2026-03-25', 'GR', '2026-03-25 11:12:00.000'),
  ('T224-sq9', 'FUK9305SNB', 49, 'RANGGO', '2026-01-13', 'PM', '2026-01-13 10:31:00.000'),
  ('T225-qq1', 'FUK9305SNB', 49, 'RANGGO', '2025-11-17', 'BP', '2025-11-17 17:25:00.000'),
  ('T226-zj8', 'FUK9305SNB', 49, 'RANGGO', '2026-03-09', 'PM', '2026-03-09 10:31:00.000'),
  ('T227-ue1', 'GYG7175PWM', 32, 'VELOS', '2025-09-27', 'PM', '2025-09-27 16:39:00.000'),
  ('T228-se6', 'KYT1235FFE', 60, 'INNAVO', '2026-01-15', 'GR', '2026-01-15 17:24:00.000'),
  ('T229-jp4', 'KYT1235FFE', 60, 'INNAVO', '2026-03-02', 'BP', '2026-03-02 08:18:00.000'),
  ('T230-yr1', 'LTL6467HHZ', 77, 'VELOS', '2025-09-24', 'GR', '2025-09-24 16:45:00.000'),
  ('T231-hr0', 'TSF1821RYK', 56, 'RAIZA', '2025-07-03', 'PM', '2025-07-03 14:49:00.000'),
  ('T232-qh8', 'RXM2208CMN', 76, 'RANGGO', '2025-07-19', 'BP', '2025-07-19 13:17:00.000'),
  ('T233-fn6', 'RXM2208CMN', 76, 'RANGGO', '2025-09-14', 'PM', '2025-09-14 11:06:00.000'),
  ('T234-mu2', 'RXM2208CMN', 76, 'RANGGO', '2025-09-29', 'PM', '2025-09-29 09:50:00.000'),
  ('T235-ye1', 'PKB7813TRU', 111, 'RANGGO', '2025-12-19', 'GR', '2025-12-19 08:54:00.000'),
  ('T236-ei8', 'CCT5054LDJ', 46, 'VELOS', '2025-10-25', 'BP', '2025-10-25 16:08:00.000'),
  ('T237-sl2', 'NEU1998XUZ', 95, 'INNAVO', '2025-09-04', 'PM', '2025-09-04 08:06:00.000'),
  ('T238-ot0', 'NEU1998XUZ', 95, 'INNAVO', '2025-12-14', 'GR', '2025-12-14 12:11:00.000'),
  ('T239-yy0', 'PNT3410BXB', 57, 'VELOS', '2025-10-06', 'GR', '2025-10-06 10:30:00.000'),
  ('T240-wq1', 'FKK4209TZF', 82, 'VELOS', '2026-03-21', 'GR', '2026-03-21 15:27:00.000'),
  ('T241-dl6', 'FKK4209TZF', 82, 'VELOS', '2026-01-01', 'BP', '2026-01-01 16:10:00.000'),
  ('T242-xy7', 'FKK4209TZF', 82, 'VELOS', '2025-09-18', 'GR', '2025-09-18 13:31:00.000'),
  ('T243-mo9', 'FAN0502UVC', 100, 'INNAVO', '2025-12-05', 'GR', '2025-12-05 08:16:00.000'),
  ('T244-ra9', 'TKZ5585WUE', 37, 'RAIZA', '2026-02-15', 'GR', '2026-02-15 10:57:00.000'),
  ('T245-ca1', 'TKZ5585WUE', 37, 'RAIZA', '2025-11-24', 'PM', '2025-11-24 08:33:00.000'),
  ('T246-lu1', 'MWT6234MVC', 82, 'VELOS', '2025-12-27', 'GR', '2025-12-27 10:30:00.000'),
  ('T247-kw6', 'MWT6234MVC', 82, 'VELOS', '2025-11-07', 'GR', '2025-11-07 13:42:00.000'),
  ('T248-jz2', 'MWT6234MVC', 82, 'VELOS', '2025-12-30', 'PM', '2025-12-30 14:42:00.000'),
  ('T249-ed0', 'FZM1123VJE', 6, 'RANGGO', '2025-12-10', 'GR', '2025-12-10 17:18:00.000'),
  ('T250-pn6', 'LWZ2055DYA', 1, 'INNAVO', '2026-02-05', 'PM', '2026-02-05 16:57:00.000'),
  ('T251-li3', 'HSC2411ZSN', 95, 'RANGGO', '2026-02-05', 'BP', '2026-02-05 14:25:00.000'),
  ('T252-vt8', 'CJV4064MRW', 104, 'INNAVO', '2026-01-02', 'PM', '2026-01-02 12:48:00.000'),
  ('T253-uo9', 'CJV4064MRW', 104, 'INNAVO', '2026-02-08', 'GR', '2026-02-08 17:53:00.000'),
  ('T254-tp3', 'JST5283BLW', 53, 'RANGGO', '2026-01-23', 'PM', '2026-01-23 15:24:00.000'),
  ('T255-sy2', 'WVT9147VZM', 41, 'RAIZA', '2026-03-08', 'BP', '2026-03-08 13:29:00.000'),
  ('T256-zq8', 'WVT9147VZM', 41, 'RAIZA', '2026-03-10', 'BP', '2026-03-10 10:24:00.000'),
  ('T257-cp8', 'HME9539NFU', 28, 'RANGGO', '2026-03-11', 'BP', '2026-03-11 13:02:00.000'),
  ('T258-ct1', 'HME9539NFU', 28, 'RANGGO', '2026-02-13', 'PM', '2026-02-13 17:54:00.000'),
  ('T259-ci8', 'HME9539NFU', 28, 'RANGGO', '2026-03-06', 'PM', '2026-03-06 17:40:00.000'),
  ('T260-jl3', 'BZC7359UXA', 52, 'VELOS', '2026-03-27', 'PM', '2026-03-27 08:25:00.000'),
  ('T261-zh9', 'BZC7359UXA', 52, 'VELOS', '2026-03-11', 'BP', '2026-03-11 09:14:00.000'),
  ('T262-ok1', 'JHA8507NBT', 61, 'VELOS', '2025-07-05', 'BP', '2025-07-05 09:31:00.000'),
  ('T263-jp4', 'TCU5556SUP', 74, 'RANGGO', '2025-03-03', 'PM', '2025-03-03 15:36:00.000'),
  ('T264-fc1', 'TCU5556SUP', 74, 'RANGGO', '2026-01-17', 'PM', '2026-01-17 11:53:00.000'),
  ('T265-mf4', 'TCU5556SUP', 74, 'RANGGO', '2025-08-06', 'GR', '2025-08-06 10:43:00.000'),
  ('T266-zn5', 'SBJ5706NJY', 66, 'INNAVO', '2025-05-19', 'PM', '2025-05-19 14:51:00.000'),
  ('T267-mw5', 'SBJ5706NJY', 66, 'INNAVO', '2026-02-12', 'PM', '2026-02-12 08:53:00.000'),
  ('T268-wv3', 'SBJ5706NJY', 66, 'INNAVO', '2025-11-04', 'BP', '2025-11-04 12:32:00.000'),
  ('T269-ll3', 'WZN4685FAF', 49, 'VELOS', '2025-08-12', 'GR', '2025-08-12 17:10:00.000'),
  ('T270-wa6', 'RDC0193FGN', 32, 'INNAVO', '2025-12-28', 'PM', '2025-12-28 14:26:00.000'),
  ('T271-ay1', 'RDC0193FGN', 32, 'INNAVO', '2025-12-31', 'GR', '2025-12-31 09:41:00.000'),
  ('T272-pu6', 'RDC0193FGN', 32, 'INNAVO', '2025-11-18', 'GR', '2025-11-18 11:35:00.000'),
  ('T273-ej9', 'VLN8812LCJ', 31, 'VELOS', '2026-02-23', 'GR', '2026-02-23 17:14:00.000'),
  ('T274-qp2', 'VLN8812LCJ', 31, 'VELOS', '2026-01-30', 'BP', '2026-01-30 13:24:00.000'),
  ('T275-aj2', 'VLN8812LCJ', 31, 'VELOS', '2025-08-18', 'GR', '2025-08-18 13:43:00.000'),
  ('T276-ao6', 'XFY2649DYV', 40, 'VELOS', '2025-07-06', 'BP', '2025-07-06 10:05:00.000'),
  ('T277-il7', 'TRS5985PDM', 45, 'RANGGO', '2025-11-11', 'PM', '2025-11-11 09:39:00.000'),
  ('T278-eo6', 'BYM9142RKA', 35, 'RAIZA', '2025-09-10', 'PM', '2025-09-10 17:58:00.000'),
  ('T279-zo9', 'BYM9142RKA', 35, 'RAIZA', '2025-05-21', 'BP', '2025-05-21 11:30:00.000'),
  ('T280-po5', 'RZP5228LVX', 10, 'VELOS', '2026-01-19', 'BP', '2026-01-19 09:32:00.000'),
  ('T281-iq2', 'RZP5228LVX', 10, 'VELOS', '2025-09-22', 'GR', '2025-09-22 16:28:00.000'),
  ('T282-ho0', 'RZP5228LVX', 10, 'VELOS', '2025-12-30', 'PM', '2025-12-30 08:08:00.000'),
  ('T283-zj8', 'LAK9447ULB', 3, 'INNAVO', '2026-02-14', 'GR', '2026-02-14 11:57:00.000'),
  ('T284-ti7', 'XZA1721LSB', 85, 'VELOS', '2025-12-03', 'GR', '2025-12-03 11:19:00.000'),
  ('T285-zb7', 'PXX7651YWJ', 114, 'VELOS', '2026-01-28', 'PM', '2026-01-28 15:09:00.000'),
  ('T286-cp6', 'PXX7651YWJ', 114, 'VELOS', '2025-05-26', 'PM', '2025-05-26 08:44:00.000'),
  ('T287-nh4', 'KBT8730NAU', 5, 'RANGGO', '2026-03-21', 'GR', '2026-03-21 09:38:00.000'),
  ('T288-bz4', 'KBT8730NAU', 5, 'RANGGO', '2025-11-11', 'PM', '2025-11-11 16:09:00.000'),
  ('T289-wn8', 'LHN5205NFP', 106, 'INNAVO', '2025-10-10', 'PM', '2025-10-10 15:13:00.000'),
  ('T290-fs4', 'LHN5205NFP', 106, 'INNAVO', '2025-06-16', 'PM', '2025-06-16 08:15:00.000'),
  ('T291-cy8', 'LHN5205NFP', 106, 'INNAVO', '2025-06-19', 'BP', '2025-06-19 16:08:00.000'),
  ('T292-sb5', 'HMU5327TJU', 80, 'RANGGO', '2025-11-05', 'GR', '2025-11-05 08:52:00.000'),
  ('T293-ij8', 'HMU5327TJU', 80, 'RANGGO', '2025-12-03', 'GR', '2025-12-03 09:30:00.000'),
  ('T294-uf1', 'FZR5974AMY', 6, 'VELOS', '2025-11-03', 'PM', '2025-11-03 08:29:00.000'),
  ('T295-in8', 'FZR5974AMY', 6, 'VELOS', '2025-12-07', 'GR', '2025-12-07 16:47:00.000'),
  ('T296-ro0', 'FZR5974AMY', 6, 'VELOS', '2025-09-29', 'PM', '2025-09-29 12:44:00.000'),
  ('T297-jw1', 'ABH7805TAK', 59, 'RAIZA', '2026-02-16', 'GR', '2026-02-16 16:33:00.000'),
  ('T298-qv0', 'ABH7805TAK', 59, 'RAIZA', '2026-02-04', 'BP', '2026-02-04 09:32:00.000'),
  ('T299-wj8', 'MKK5874FBG', 17, 'INNAVO', '2025-07-24', 'GR', '2025-07-24 17:32:00.000'),
  ('T300-ik3', 'ZWV3774MMK', 49, 'RANGGO', '2026-02-04', 'BP', '2026-02-04 09:54:00.000'),
  ('T301-xl3', 'UKT1688RAP', 73, 'RANGGO', '2025-09-30', 'BP', '2025-09-30 09:12:00.000'),
  ('T302-ih8', 'UKT1688RAP', 73, 'RANGGO', '2025-11-04', 'BP', '2025-11-04 15:50:00.000'),
  ('T303-qu7', 'ABA7590TED', 88, 'RANGGO', '2025-11-18', 'GR', '2025-11-18 15:39:00.000'),
  ('T304-ny8', 'ABA7590TED', 88, 'RANGGO', '2025-12-30', 'PM', '2025-12-30 11:40:00.000'),
  ('T305-xi1', 'ABA7590TED', 88, 'RANGGO', '2025-12-23', 'GR', '2025-12-23 11:25:00.000'),
  ('T306-ex0', 'JFN9516MVW', 86, 'RANGGO', '2025-10-04', 'PM', '2025-10-04 15:29:00.000'),
  ('T307-wj5', 'UDG9097ZTZ', 103, 'RAIZA', '2025-12-26', 'BP', '2025-12-26 17:19:00.000'),
  ('T308-rb1', 'UDG9097ZTZ', 103, 'RAIZA', '2025-09-12', 'BP', '2025-09-12 15:41:00.000'),
  ('T309-ua7', 'UDG9097ZTZ', 103, 'RAIZA', '2026-02-15', 'BP', '2026-02-15 17:47:00.000'),
  ('T310-oy2', 'DYT4927CJT', 97, 'RAIZA', '2025-10-19', 'PM', '2025-10-19 09:05:00.000'),
  ('T311-pa8', 'WPY2839CTF', 1, 'INNAVO', '2025-12-30', 'BP', '2025-12-30 16:52:00.000'),
  ('T312-cz7', 'WPY2839CTF', 1, 'INNAVO', '2025-09-29', 'GR', '2025-09-29 15:38:00.000'),
  ('T313-df4', 'RNA1265MVV', 94, 'RAIZA', '2026-01-08', 'PM', '2026-01-08 15:04:00.000'),
  ('T314-hz2', 'UMD7853KVP', 86, 'RANGGO', '2025-11-18', 'BP', '2025-11-18 12:12:00.000'),
  ('T315-im7', 'UMD7853KVP', 86, 'RANGGO', '2025-12-05', 'PM', '2025-12-05 15:34:00.000'),
  ('T900-bi8', 'FST2991ZWZ', 84, 'RAIZA', '2025-06-01', 'BP', '2025-06-01 09:17:00.000'),
  ('T901-pa7', 'EGD3975WNE', 88, 'RANGGO', '2025-07-11', 'GR', '2025-07-11 12:02:00.000'),
  ('T902-ig1', 'GUL0846VHD', 28, 'RAIZA', '2025-08-20', 'GR', '2025-08-20 08:19:00.000'),
  ('T903-ck0', 'KRR1216VMR', 45, 'INNAVO', '2025-09-29', 'PM', '2025-09-29 11:05:00.000'),
  ('T904-ag7', 'WGR0921FKK', 4, 'INNAVO', '2025-11-08', 'BP', '2025-11-08 13:20:00.000')
ON DUPLICATE KEY UPDATE
  vin = VALUES(vin),
  customer_id = VALUES(customer_id),
  model = VALUES(model),
  service_date = VALUES(service_date),
  service_type = VALUES(service_type),
  created_at = VALUES(created_at);
